{
    "index_name": "ESIndex_i3d3c1qTo0",
    "total_queries": 256,
    "artifact_A_latency": {
        "average_ms": 28.641704469919205,
        "p95_ms": 36.87256574630737,
        "p99_ms": 46.591770648956235
    },
    "artifact_B_throughput": {
        "queries_per_second": 34.91412325164672
    },
    "artifact_C_memory": {
        "footprint": "649.6mb"
    }
}